Garcia,John,john84@organization.org,john69@company.com,john84@university.edu
Brown,Jennifer,jennifer19@university.edu,jennifer83@organization.org,jennifer7@company.org
Smith,Linda,linda96@organization.edu,linda56@company.com
Jones,John,john73@organization.org,john10@organization.com,john36@university.com
Rodriguez,Elizabeth,elizabeth4@organization.com,elizabeth40@university.org
Smith,Jennifer,jennifer2@company.edu,jennifer5@company.org
Jones,Mary,mary51@university.edu
Miller,William,william63@university.org,william26@organization.org
Smith,Linda,linda76@company.com,linda48@company.org,linda9@university.edu
Williams,Jennifer,jennifer44@company.org
Miller,Jennifer,jennifer90@university.com,jennifer35@company.edu,jennifer36@organization.org,jennifer73@organization.org
Jones,Mary,mary58@company.com
Smith,Robert,robert99@organization.edu,robert45@company.org
Davis,Mary,mary36@organization.com
Garcia,John,john23@university.edu
Brown,Linda,linda7@university.edu,linda87@company.com,linda67@company.org
Jones,James,james42@organization.org,james13@organization.com,james50@company.org
Miller,Linda,linda29@organization.edu
Jones,James,james75@company.org,james56@university.com
Rodriguez,Michael,michael80@university.edu,michael44@university.edu,michael66@organization.edu,michael62@organization.com
Martinez,Elizabeth,elizabeth36@company.org
Garcia,Elizabeth,elizabeth71@company.org,elizabeth89@company.org,elizabeth53@university.org
Garcia,John,john40@company.edu,john50@company.org,john98@organization.edu
Martinez,Robert,robert26@organization.edu,robert45@company.edu,robert91@organization.org,robert81@company.org
Miller,Patricia,patricia48@organization.com,patricia41@company.com
Williams,James,james59@company.com,james36@organization.com,james76@company.com,james24@company.com
Williams,Mary,mary62@company.edu
Davis,Michael,michael72@university.edu
Martinez,William,william27@company.org,william50@university.edu
Johnson,Patricia,patricia75@organization.edu,patricia5@company.com
Johnson,Jennifer,jennifer13@university.com,jennifer13@organization.com
Martinez,Jennifer,jennifer17@university.org
Rodriguez,William,william67@company.edu,william53@organization.edu
Williams,Linda,linda20@organization.org,linda76@university.org
Jones,Patricia,patricia19@company.com,patricia31@university.edu,patricia52@company.com
Jones,Robert,robert67@company.org,robert7@company.edu,robert51@university.com
Williams,Michael,michael51@organization.com,michael93@university.com,michael99@university.edu
Brown,James,james88@organization.edu,james4@company.org,james21@university.com,james83@university.edu
Davis,Patricia,patricia6@company.org
Davis,John,john67@university.edu
Martinez,Linda,linda84@company.com
Williams,Elizabeth,elizabeth82@university.org,elizabeth41@university.com
Johnson,Jennifer,jennifer64@company.com,jennifer47@organization.org
Garcia,Patricia,patricia52@university.edu,patricia13@university.com,patricia66@company.org
Davis,Michael,michael93@university.edu,michael84@company.edu,michael74@organization.com,michael17@organization.com
Brown,Jennifer,jennifer64@university.com,jennifer82@company.com,jennifer96@organization.com
Smith,James,james45@university.edu,james20@organization.org,james56@organization.org,james45@organization.com
Davis,James,james35@organization.com
Williams,Robert,robert56@organization.com,robert82@organization.edu,robert62@company.org
Brown,Elizabeth,elizabeth38@organization.edu,elizabeth79@company.org,elizabeth97@university.com,elizabeth67@university.edu
